name,country,date,review_score,review_header,review_body
Nick,LT,"Aug 31, 2025",1,"They heavily throttle their so called ""‚Ä¶","They heavily throttle their so called "" bare metal servers "" , and they stop replying when you notice and contact them."
Dona,KE,"Aug 12, 2025",5,Affordable price,"Affordable price, great customer service.üíØ"
Guest blogger,PK,"Jul 27, 2025",5,Services of the website is very good...,Services of the website is very good that why I give them 5 star.
Customer,PK,"Jul 19, 2025",5,good knowledge,
Customer,ID,"Jul 2, 2025",5,perfect,"perfect, very very perfect"
Reza Abdi,NL,"Jun 15, 2025",3,The website is good,"The website is good, but it has a few problems: 1. For virtual servers, the control panel is not visually available to users.There would be fewer problems if this control panel was visually accessible to users."
Steven,US,"May 15, 2025",5,Trustworthy service,"I love that when your account runs out of credits, it doesn't autobill your card unless you specifically set that up. A different service cost me a lot of money because they only allowed autobilling. So Cherry Servers is great for that! They also have a pretty good selection of servers and their customer service is quite good as well."
Lou Thomason,US,"Apr 30, 2025",5,Very good choice,I liked all the tutorial material
Customer,PK,"Apr 8, 2025",5,guest post and link placement,i am a content writer
Customer,US,"Mar 31, 2025",5,Great pricing and performance,Awesome pricing and structure. No issues with my VPS. Would recommend to anyone.
kiwami,JP,"Jan 27, 2025",5,Friendly Technical Support and Flexible Usage Plans,"The support is very fast, making it reassuring to rent a server. The technicians are kind and provide helpful configuration suggestions, which was very beneficial. Additionally, the option to pay per hour allows for flexible server usage, making it easy to test and evaluate different setups."
Customer,GB,"Jan 1, 2025",1,Hello,"Hello, firstly, this company has a limited IP range, secondly, the price of their servers is very high compared to other places, thirdly, if there is a problem when paying with cryptocurrency They do not give the user a correct answer and do not try to fix the problem. The servers only have the option to turn them off and on. There are no restart options on the servers. Thanks."
Customer,UZ,"Dec 27, 2024",5,best servers ever!,
Mr. LaDezs,TR,"Dec 23, 2024",5,Full Automation Control Panel & Fast Live Chat,Very easy control panel and live suport great! Server Performance Great!
Alexandr Lisenco,MD,"Dec 20, 2024",5,Very nice provider,Very nice provider. I'm satisfied on 100%. Support is awesome. I needed custom Hardware and got it here.
StakeCraft,PT,"Dec 20, 2024",5,Outstanding Service and Reliable Support from Cherry Servers,"I've had an excellent experience with Cherry Servers! Their services are reliable, and their support team is outstanding‚Äîalways quick to respond and incredibly helpful. Whether it‚Äôs resolving technical issues or answering questions, they go above and beyond to ensure customer satisfaction. Highly recommend Cherry Servers for anyone looking for top-notch hosting solutions!"
Customer,DE,"Dec 1, 2024",5,Fast and good support,"Fast and good support, thanks!"
mark kibali,KE,"Aug 29, 2024",5,lenovo mark mk,
Daniil Kostin,AR,"Aug 19, 2024",1,Raising the price without a notice and breaking agreements,We had agreement with this service for the specific price. Later on i wanted to expand my services but they told me price goes up for what i wanted. Disrespectful. Liars.
Spurn Old,IN,"Aug 19, 2024",5,Great support and the team is alway‚Ä¶,Great support and the team is alway there to assist and ensure your queries have been closed.
Anwar legend official,KE,"Aug 19, 2024",5,Good ap I like it,Good ap I like it
Customer,UA,"Aug 12, 2024",5,Best in the business,"Quality, performance, support. Best in the business."
David Cross,RO,"Aug 11, 2024",1,Their login system is not functional,"Their login system is not functional, they told me I have to wait for a longer period of time. I told them this is unacceptable from a company to happen, what if their servers are ""not functional"" and our business is affected. Unreal! The support team told me: ""Justas: Things tend to break, and for unknown reasons, the login system isn't working right now. If this is causing you a lot of trouble you can freely use other provider services."""
Customer,ID,"Aug 4, 2024",5,Great Service and Support,"I really love using Cherry Services. The support team is fantastic and always ready to help. When I paid the wrong invoice, they were happy to assist me with the refund."
Customer,ES,"Jul 19, 2024",5,Great service,Great service. Quick response and resolution.
Customer,CH,"Jun 26, 2024",5,Super easy interface and excellent‚Ä¶,Super easy interface and excellent support
Customer,PK,"Jun 10, 2024",4,i like this work you,my name is Lukas i have 6 year experiance .i have high qulity websites an improves you websites ranking an google indexing intant . please let me know . can you share some sample of website
Razvan,RO,"Apr 21, 2024",5,Great!,Fast delivery + easy to manage + outstanding support
Nenad M.,RS,"Mar 21, 2024",5,Review after 1 year using Cherry Servers,"I used their dedicated servers for a year and this is my opinion of Cherry Servers. During the time I used the server there were only 3 maintenances from the server provider and every time it happened I was informed at least a day before. Surprisingly it never interfered with my services and I ran the server without any problems. Their support is great and ready to help. For example I had a problem with the payment not going through and lucky me I decided to do the payment the last day. I reached out to support about the problem and they extended the period by 24 hours plus they helped with the payment go through. Their support team usually responds quickly. Their prices are very reasonable for the quality of service they provide. So here are my pros and cons about using Cherry Servers Pros: - Great customer support - Very dependable servers, there wasn't a single hiccup in a year - Servers can additionally get configured if you need any more RAM or Storage space for example, or maybe you need more Backup storage or maybe you need a GPU - They do have some basic ""how to set up"" guides that could be helpful for beginners - If you are into crypto or are doing some crypto related stuff than this info will be useful: Cherry Servers is pro crypto and they accept crypto payments Cons: - I am kind of nitpicking here but the only thing that is bothering me is their dedicated server selection. Sometimes the servers just get taken fast. So if you find the server you like check if there are any in stock."
customer,EE,"Feb 17, 2024",5,Very professional,"Very professional, friendly, flexible service. Only adding hosting side DNS management could make it even better. Anyway all good, definite 5+"
joel,FR,"Jan 16, 2024",4,Good and affordable Cloud servers,"Cherry Servers is a good cloud provider. Prices are cheap, but you get excellent hardware and accurate support. When I had issues, they were always there to solve them. The only point where they can improve is the availability of a box in a decent time. For example, often, when you order a dedicated server, it takes more than 15 minutes to pop up. So I hope that can improve on this side. Finally, I really happy to use Cherry Servers !"
CREADIV,RO,"Jan 3, 2024",2,SMTP services (emails)‚Ä¶,"If you are using SMTP services (emails) the limits are ridiculos - 2 emails sent per machine per hour. The bad thing is that they don't seem to mention these limits before paying for the services. ""SMTP error from remote mail server after end of data: 450 4.7.1 Temporary delayed by rate limit for new clients, try later (2/h)"" ToS section 6.4. ""Cherry Servers reserves the right to monitor outgoing SMTP service traffic for security and spam prevention purposes."""
Customer,MT,"Dec 31, 2023",5,Perfect service,The system is very suitable for adapting to specific needs. The team is skilled and helpful
Customer,VG,"Nov 1, 2023",3,The price of services is a bit high,
Edmund,NL,"Oct 31, 2023",5,"Easy to deploy, Good price, Crypto payments",I have been using virtual shared servers for the past three months. Everything is working fine. - Easy to deploy servers - Good price - Cryptocurrency payments - Relevant support responses
Alex,CY,"Oct 11, 2023",5,Very reliable service,"Very reliable service! Been using Cherry for almost 3 years and we‚Äôve almost never had any downtime. Whenever we need help, their customer support team responds super quickly and everything gets resolved quickly. They‚Äôre a reliable partner to us and we look forward to working with them for many more years! I highly recommend them."
George H,DE,"Sep 29, 2023",5,Great service and availability!,
Vrea,MU,"Sep 25, 2023",5,Their response time's to inquiries /‚Ä¶,Their response time's to inquiries / assistance required is phenomenal!
Customer,EG,"Sep 5, 2023",5,The best company ever..,
Kostas V,LT,"Aug 17, 2023",5,The best cloud services for affordable‚Ä¶,The best cloud services for affordable price!
Rolando L√≥pez,MX,"Jun 19, 2023",5,inmediat response,god and servicial comunication
Rock,CN,"Mar 25, 2023",5,good user experience,"timely, friendly and professional"
advertiser,KE,"Mar 5, 2023",5,google search omoronton,
Lucsas,GB,"Feb 20, 2023",5,I love competent and orderly people,I love competent and orderly people. That's why great respect cherryservers
Kevin,UA,"Updated Feb 28, 2023",1,WAS the best hosting service,"was the best hosting service, but now without identity verif i cant create account and setup VPS for my clients, i want to cry stop use KYC, you will lose a lot of customers."
Customer,UA,"Feb 14, 2023",5,Very fast tech support,
Adam,AU,"Feb 14, 2023",5,Above and beyond: Best support ever,"We started with a single box to test, then scaled quickly with some very unique and complicated requirements. I've been renting servers in one form or another for the last 15+ years, and I can honestly say we've never had the level of support that we've experienced with Cherry Servers. We highly reccomend them! Pricing has also been really competitive, which is very important during a bear market. NOTE: They are also a Crypto Proof of Stake (PoS) Validator Friendly service provider for their bare metal boxes!"
Kovic,LT,"Jan 21, 2023",5,Great customer support,Great customer support and communication. They helped me though I did some big mistakes and everything settled out easily with their help.
Dr. Javan,US,"Jan 11, 2023",5,Good Control Panel UI and Support,Good Support. Good Control Panel and UI.
Asif Javed,PK,"Dec 31, 2022",5,Product Manager,Best and great service.
Ali S,BR,"Dec 28, 2022",5,Great support,Great support. Affordable price and easy to use.
Customer,IN,"Dec 22, 2022",5,Excellent support and affordable price,"Support is always quick to respond with a solution anytime of the day, affordable price and fast custom server deployment time."
wecancity,EG,"Dec 9, 2022",5,Super fast when i order new server otr‚Ä¶,"Super fast when i order new server otr new add ons , best of the best live support and the guys dfrom live support help with love thankyou üôèüèª"
Hossein sanati,LT,"Dec 5, 2022",5,Thanks for the support,I am satisfied with your support.
Customer,BG,"Nov 10, 2022",5,Quick response and trustworthy provider,
Customer,IR,"Sep 13, 2022",5,Best ever cloud provider,"Best cloud services, best bandwidth and best support team."
Customer,US,"Jul 26, 2022",5,Quick,"Quick , responsive support. Excellent network architecture. Easy to use control panel for launching servers. Very intuitive and easy to understand."
Customer,GB,"Jul 15, 2022",5,The most honest review I have ever‚Ä¶,"The most honest review I have ever written in my life. I had a few issues by my side and Cherry Support helped me a lot by giving them access to my server and they fixed everything. Now I am working on the server as a BOSS without any problem just because of the best support in the world. Thank you very much, Cherry. Infinite starts to you <3"
Rick,US,"Jul 5, 2022",5,Good customer service at Cherry Servers‚Ä¶,"The customer service at Cherry Servers is very good. Agents are patient, kind, professional, and do not push one to buy. They genuinely help one find the solution that is best suitable for them."
Ivadev,IE,"Jun 22, 2022",5,very good,Service is very good!
Henk Jan Bergevoet,ES,"Jun 18, 2022",5,Excellent company always ready to help‚Ä¶,Excellent company always ready to help fast response we have servers in several companies but cherry servers belong to one of the best in term of service and they always fix fast issues if needed
Hack Simo,MA,"May 24, 2022",5,Good and nice wa tnk you all,
Mohammed Burgess,GB,"May 23, 2022",5,Great customer support as a new‚Ä¶,"Great customer support as a new customer, extremely helpful in helping me find the ideal solution for my existing projects."
Afroz khan,IN,"May 19, 2022",5,Great customer support is very‚Ä¶,Great customer support is very important to businesses these day's. Amazing support from cherry servers
Rabah Hamidi,DZ,"May 3, 2022",1,üíö‚ù§Ô∏è‚ù§Ô∏è‚ù§Ô∏è‚ù§Ô∏è‚ù§Ô∏è,
Customer,LT,"Apr 15, 2022",5,Great customer service,Great service. Almost instant customer service reply.
Yacine Rahmani,DZ,"Apr 11, 2022",5,Since 2014 with them.,"I have been with them for years, since 2014 actually. Even before the name change. I've never had a single issue with them. Great service, great offers, wonderful stability and superb support. I totally recommend them."
Hayder,IQ,"Mar 25, 2022",4,One of The Best,"Cherry Servers is one of the best, I started with one bare metal dedicated server with them in 2017, and now I have eight ones, very good price, and very good and very fast support, but I hope they can reduce the price of their big HDDs"
Richard Villiers,AU,"Mar 16, 2022",5,Very impressed with their commitment to‚Ä¶,Very impressed with their commitment to internet safety.
Customer,TH,"Mar 13, 2022",5,Very good service support and fast‚Ä¶,Very good service support and fast server
Customer,UA,"Mar 9, 2022",5,Very good service,
Customer,LK,"Mar 4, 2022",4,Not bad,Not bad Thanks. Sir!
customer,ZA,"Feb 7, 2022",5,The customer service is excellent,"The customer service is excellent, what they said they will provide is indeed what they provide, no hidden costs, no fudging of bandwidth etc. Honest, reliable service all the way. Keep it up"
Customer,CI,"Jan 10, 2022",5,Too much cute than Contabo,Too much cute than Contabo. Be blessed guys
Customer,ID,"Jan 4, 2022",5,give me please,I am enjoy to earn money with handphone
Danijel Kotur,RS,"Dec 31, 2021",5,Reliable,"Reliable, easy to work with, flexible-helpful, super professional. Highly Recommend Cherry Servers, you won't have a headache."
Uk Monor,KH,"Dec 21, 2021",5,"LifeSavvy Media, 21010 Southbank St., #4015 Sterling, VA 20165",
Customer,PG,"Dec 18, 2021",5,Very helpful services.,
TSA,UA,"Dec 14, 2021",5,Nice service!,
Andrea Mann,GB,"Sep 12, 2021",5,Great service,"Great service, good support!"
Tiger Manish,NP,"Feb 10, 2021",4,The service was great,The service was great. And we will be a good time to this service.
Alan Pleasure,PL,"Nov 4, 2020",5,Great service,"Great service. Very clean and intuitive dashboard, server itself is very fast, even tho I bought the cheapest one. Support is responsive and polite. I do recommend Cherry Servers!"
Marques Brownlee,DE,"Aug 31, 2020",5,They are great,They are great. They reply every time when i have questions (and when I have dumb questions). They always helped me.
Haider Abbas,IQ,"Aug 20, 2020",5,The Best Company I know,"I started my servers business in 2012, I used to change server providers almost every year because of bad service/support, then I started dealing with Cherry Servers on the beginning of 2017, and I am still with them because they are the best I know, the good news is that my business has doubled :) I started with 2 dedicated bare metal servers from Cherry Servers and now I have 4 :) and I don't feel worry about support, it is the best :)"
Ralf Peppekus,AE,"Jun 29, 2020",5,Flawless!,"Servers were deployed fast, access was easy and reliable. Everything was painless and quick - and if there is nothing to complain, it's flawless. :-) I would certainly use Cherry servers again for my next project!"
Waheed Sons,PK,"May 19, 2020",5,Quick Response and Excellent Services.,
Kevin Smid,NL,"Mar 26, 2020",1,support lacking in knowledge and effort,"Get accused of a ddos for running folding@home which is clearly not a ddosing client, support cant do anything and tells you to contact networking which isnt very helpful. Support should do those thing for you"
Andrew,EE,"Nov 25, 2019",5,Very reliable servers and great‚Ä¶,Very reliable servers and great support. Highly recommend.
ABDULQADER,QA,"Apr 4, 2019",5,This is the best company provide‚Ä¶,"This is the best company provide Servers, i have work with them over 1 year now, I hope if they open More data Center near Asia Location"
